Church_ID,Church_Name,Location,Active
LFC0412,Ilogbo Palace,OJU ORE,Y
LFC1806,"1,Okunfolami Street,Oshin Ishefun",AYOBO,Y
LFC2202,"21, Oremeji St. Off Lafenwa/Itele Rd, Aiyetoro",LAFENWA,Y
LFC2509,"19/21 Sodipe Koye, Akute",AKUTE,Y
LFC2805,Jesus Island,PARKLANE APAPA,Y
LFC3003,"44, Makinde Ilapo Village",AIT,Y
LFC3005,4 Isiba Street Meiran,AIT,Y
LFC3309,Igbele Ajana,ATAN 1,Y
LFC3310,Abule Tisa,ATAN 1,Y
LFC3311,"Lemomu Village, Kajola",ATAN 1,Y
LFC3405,Oko Omi Village,ADELANS 1,Y
LFC3505,Imoshe Village,LUSADA,Y
LFC3517,Silbet Filling Station Beside Deeper Life Church Lusada,LUSADA,Y
LFC3519,"Bj Walex, Lusada",LUSADA,Y
LFC3520,Alaagba Village Alapoti Lusada,LUSADA,Y
LFC4402,1 George Street Olowora,OJODU BERGER 1,Y
LFC5113,Idanyin Community,AGBARA,Y
LFC6109,"50, Olaogun Road Idi-Orogbo Adiyan",AGBADO,Y
LFC6618,Fisherman Village,BADORE,Y
LFC7108,"Onse Village Orose, Onse",OWODE,Y
LFC7119,Petesi Meji Bus/Stop Ajilete,OWODE,Y
LFC7123,Isalu Village,OWODE,Y
LFC7127,Kajola,OWODE,Y
LFC7606,"10, Bashiru Atanda Street Esuyago, Iloye",IJOKO,Y
LFC7702,"132, Ntabo Road, Eruobodo, Ijoko",WHITEHOUSE,Y
LFC7703,"3, Plenty Street, Farm Area, Gboriduro, Ijoko",WHITEHOUSE,Y
LFC7708,"46, Aare Road Abule Ijoko",WHITEHOUSE,Y
LFC7710,Odunlagun Ntabo Village,WHITEHOUSE,Y
LFC7711,"1, Obanijesu Avenue, Off Robinyan Rd.",WHITEHOUSE,Y
LFC7713,Ewemoje Ekerin,WHITEHOUSE,Y
LFC7719,"17 Iginla Street, Gasline Ijoko",WHITEHOUSE,Y
LFC7916,"Plot 234, Aromokola Avenue, (Oko Baale Ota)",HIGH COURT,Y
LFC8102,"Idiagbon, Off Ilogbo Road, (French)",ADELANS 2,Y
LFC8304,"No 2 Ige Road, Agbenaje Village",IKOLA COMMAND,Y
LFC9009,"68, Agbojojoye Way Oko-Egun, Ibasa Island",SATELLITE TOWN,Y
