Area_ID,Area_Name,Active,Area_No,Aliases
A00,CANAANLAND 1,Y,0,CANAANLAND 1 (YOUTH CHAPEL);YOUTH CHAPEL
A01,CANAANLAND 2,Y,1,CANAANLAND 2 (IGE DARAMOLA);CANAAN LAND 2
A02,IYESI 1,Y,2,IYESI;IYESI1
A03,OBASANJO,Y,3,
A04,OJU ORE,Y,4,OJUORE
A05,CAPERNAUM,Y,5,
A06,NAZARETH,Y,6,NAZARATH
A07,GOWON ESTATE,Y,7,
A08,BARUWA,Y,8,
A09,ABORU,Y,9,
A10,IYANA ISASHI,Y,10,IYANA ISHASHI
A11,WILKY,Y,11,
A12,PEDRO,Y,12,PETRO
A13,IJAIYE,Y,13,
A14,OGBA,Y,14,
A15,YABA,Y,15,
A16,MUSHIN,Y,16,
A17,AMUWO,Y,17,AMUWO ODOFIN
A18,AYOBO,Y,18,
A19,OLAYEMI,Y,19,
A20,CANDOS,Y,20,
A21,MAJIYAGBE,Y,21,MAJIYAIGBE
A22,LAFENWA,Y,22,
A23,PERFECT PEACE,Y,23,
A24,ANTHONY,Y,24,
A25,AKUTE,Y,25,
A26,DENRO,Y,26,
A27,OLODI APAPA,Y,27,0L0DI APAPA
A28,PARKLANE APAPA,Y,28,"PARKLANE, APAPA;APAPA PARKLANE"
A29,ALAGBADO AKINDE,Y,29,
A30,AIT,Y,30,ALT
A31,AGEGE,Y,31,
A32,FAGBA,Y,32,
A33,ATAN 1,Y,33,ATAN;ATAN1
A34,ADELANS 1,Y,34,ADELANS;ADELANS1
A35,LUSADA,Y,35,
A36,IJEGUN IKOTUN,Y,36,
A37,IGANDO,Y,37,
A38,IYANA ODO,Y,38,IYANA- ODO
A39,ARIDA,Y,39,
A40,SHASHA,Y,40,
A41,EGBEDA,Y,41,
A42,OREGUN IKEJA,Y,42,OREGUN-IKEJA;IKEJA
A43,CEMENT,Y,43,
A44,OJODU BERGER 1,Y,44,
A45,IFAKO,Y,45,
A46,ISHERI OPIC,Y,46,ISHERI-OPIC
A47,OJODU BERGER 2,Y,47,
A48,IKOSI KETU,Y,48,IKOSI-KETU
A49,MAGODO GRA,Y,49,MAGODO
A50,OKOKOMAIKO,Y,50,
A51,AGBARA,Y,51,
A52,IDORAWA EDU,Y,52,IDORAWA;IDOWARA EDU
A53,IJURI,Y,53,
A54,BADAGRY,Y,54,
A55,IBIYE,Y,55,
A56,OKOTA,Y,56,
A57,OSHODI,Y,57,
A58,FESTAC,Y,58,
A59,IJU ISHAGA,Y,59,IJU - ISHAGA;IJU-ISHAGA
A60,EMDEO,Y,60,
A61,AGBADO,Y,61,
A62,BODE WILLIAMS,Y,62,
A63,LEKKI,Y,63,
A64,VGC,Y,64,
A65,AJAH,Y,65,
A66,BADORE,Y,66,
A67,SURULERE,Y,67,
A68,LAWANSON,Y,68,
A69,MASHA,Y,69,
A70,ILAJE,Y,70,
A71,OWODE,Y,71,
A72,SANGO OTA,Y,72,SANGO-OTA
A73,ABEBI OTA,Y,73,ABEBI - OTA
A74,IGBALA,Y,74,
A75,ILOGBO OTA,Y,75,"ILOGBO, OTA;ILOGBO"
A76,IJOKO,Y,76,IJOKO (76)
A77,WHITEHOUSE,Y,77,WHITEHOUSE (77)
A78,IYESI 2,Y,78,
A79,HIGH COURT,Y,79,HIGH COURT (79)
A80,ATAN 2,Y,80,
A81,ADELANS 2,Y,81,
A82,AMJE,Y,82,
A83,IKOLA COMMAND,Y,83,IKOLA/COMMAND
A84,EJIGBO,Y,84,
A85,IJEDODO,Y,85,
A86,LSDPC,Y,86,
A87,ILOGBO OKOKO,Y,87,"ILOGBO,OKOKO;ILOGBO-OKOKO"
A88,GBAGADA,Y,88,
A89,ILUPEJU,Y,89,ILLUPEJU
A90,SATELLITE TOWN,Y,90,SATELITE;SATELLITE
A91,IKOYI,Y,91,
A92,ETI-OSA,Y,92,ETI -OSA;ETI OSA
