Zone_ID,Zone_Name,Area_Name,Has_CHOP,Active
LFC0101,LFC0101,CANAANLAND 2,,Y
LFC0102,LFC0102,CANAANLAND 2,,Y
LFC0103,LFC0103,CANAANLAND 2,,Y
LFC0104,LFC0104,CANAANLAND 2,,Y
LFC0105,LFC0105,CANAANLAND 2,,Y
LFC0106,LFC0106,CANAANLAND 2,,Y
LFC0107,LFC0107,CANAANLAND 2,,Y
LFC0108,LFC0108,CANAANLAND 2,,Y
LFC0109,LFC0109,CANAANLAND 2,,Y
LFC0110,LFC0110,CANAANLAND 2,,Y
LFC0111,LFC0111,CANAANLAND 2,,Y
LFC0112,LFC0112,CANAANLAND 2,,Y
LFC0113,LFC0113,CANAANLAND 2,,Y
LFC0114,LFC0114,CANAANLAND 2,,Y
LFC0115,LFC0115,CANAANLAND 2,,Y
LFC0116,LFC0116,CANAANLAND 2,,Y
LFC0117,LFC0117,CANAANLAND 2,,Y
LFC0122,LFC0122,CANAANLAND 2,,Y
LFC0201,LFC0201,IYESI 1,,Y
LFC0202,LFC0202,IYESI 1,,Y
LFC0203,LFC0203,IYESI 1,,Y
LFC0204,LFC0204,IYESI 1,,Y
LFC0205,LFC0205,IYESI 1,,Y
LFC0206,LFC0206,IYESI 1,,Y
LFC0207,LFC0207,IYESI 1,,Y
LFC0208,LFC0208,IYESI 1,,Y
LFC0209,LFC0209,IYESI 1,,Y
LFC0210,LFC0210,IYESI 1,,Y
LFC0211,LFC0211,IYESI 1,,Y
LFC0212,LFC0212,IYESI 1,,Y
LFC0213,LFC0213,IYESI 1,,Y
LFC0214,LFC0214,IYESI 1,,Y
LFC0215,LFC0215,IYESI 1,,Y
LFC0216,LFC0216,IYESI 1,,Y
LFC0217,LFC0217,IYESI 1,,Y
LFC0218,LFC0218,IYESI 1,,Y
LFC0219,LFC0219,IYESI 1,,Y
LFC0220,LFC0220,IYESI 1,,Y
LFC0221,LFC0221,IYESI 1,,Y
LFC0301,LFC0301,OBASANJO,,Y
LFC0302,LFC0302,OBASANJO,,Y
LFC0303,LFC0303,OBASANJO,,Y
LFC0304,LFC0304,OBASANJO,,Y
LFC0305,LFC0305,OBASANJO,,Y
LFC0306,LFC0306,OBASANJO,,Y
LFC0307,LFC0307,OBASANJO,,Y
LFC0308,LFC0308,OBASANJO,,Y
LFC0309,LFC0309,OBASANJO,,Y
LFC0310,LFC0310,OBASANJO,,Y
LFC0311,LFC0311,OBASANJO,,Y
LFC0312,LFC0312,OBASANJO,,Y
LFC0313,LFC0313,OBASANJO,,Y
LFC0314,LFC0314,OBASANJO,,Y
LFC0315,LFC0315,OBASANJO,,Y
LFC0316,LFC0316,OBASANJO,,Y
LFC0317,LFC0317,OBASANJO,,Y
LFC0318,LFC0318,OBASANJO,,Y
LFC0319,LFC0319,OBASANJO,,Y
LFC0320,LFC0320,OBASANJO,,Y
LFC0321,LFC0321,OBASANJO,,Y
LFC0322,LFC0322,OBASANJO,,Y
LFC0401,LFC0401,OJU ORE,,Y
LFC0402,LFC0402,OJU ORE,,Y
LFC0403,LFC0403,OJU ORE,,Y
LFC0404,LFC0404,OJU ORE,,Y
LFC0405,LFC0405,OJU ORE,,Y
LFC0406,LFC0406,OJU ORE,,Y
LFC0407,LFC0407,OJU ORE,,Y
LFC0408,LFC0408,OJU ORE,,Y
LFC0409,LFC0409,OJU ORE,,Y
LFC0410,LFC0410,OJU ORE,,Y
LFC0411,LFC0411,OJU ORE,,Y
LFC0412,LFC0412,OJU ORE,,Y
LFC0413,LFC0413,OJU ORE,,Y
LFC0414,LFC0414,OJU ORE,,Y
LFC0415,LFC0415,OJU ORE,,Y
LFC0416,LFC0416,OJU ORE,,Y
LFC0417,LFC0417,OJU ORE,,Y
LFC0418,LFC0418,OJU ORE,,Y
LFC0419,LFC0419,OJU ORE,,Y
LFC0420,LFC0420,OJU ORE,,Y
LFC0421,LFC0421,OJU ORE,,Y
LFC0422,LFC0422,OJU ORE,,Y
LFC0423,LFC0423,OJU ORE,,Y
LFC0501,LFC0501,CAPERNAUM,,Y
LFC0502,LFC0502,CAPERNAUM,,Y
LFC0503,LFC0503,CAPERNAUM,,Y
LFC0504,LFC0504,CAPERNAUM,,Y
LFC0505,LFC0505,CAPERNAUM,,Y
LFC0506,LFC0506,CAPERNAUM,,Y
LFC0507,LFC0507,CAPERNAUM,,Y
LFC0508,LFC0508,CAPERNAUM,,Y
LFC0509,LFC0509,CAPERNAUM,,Y
LFC0510,LFC0510,CAPERNAUM,,Y
LFC0511,LFC0511,CAPERNAUM,,Y
LFC0512,LFC0512,CAPERNAUM,,Y
LFC0520,LFC0520,CAPERNAUM,,Y
LFC0521,LFC0521,CAPERNAUM,,Y
LFC0522,LFC0522,CAPERNAUM,,Y
LFC0601,LFC0601,NAZARETH,,Y
LFC0602,LFC0602,NAZARETH,,Y
LFC0603,LFC0603,NAZARETH,,Y
LFC0604,LFC0604,NAZARETH,,Y
LFC0605,LFC0605,NAZARETH,,Y
LFC0606,LFC0606,NAZARETH,,Y
LFC0607,LFC0607,NAZARETH,,Y
LFC0608,LFC0608,NAZARETH,,Y
LFC0609,LFC0609,NAZARETH,,Y
LFC0610,LFC0610,NAZARETH,,Y
LFC0701,LFC0701,GOWON ESTATE,,Y
LFC0702,LFC0702,GOWON ESTATE,,Y
LFC0703,LFC0703,GOWON ESTATE,,Y
LFC0704,LFC0704,GOWON ESTATE,,Y
LFC0705,LFC0705,GOWON ESTATE,,Y
LFC0706,LFC0706,GOWON ESTATE,,Y
LFC0707,LFC0707,GOWON ESTATE,,Y
LFC0708,LFC0708,GOWON ESTATE,,Y
LFC0709,LFC0709,GOWON ESTATE,,Y
LFC0710,LFC0710,GOWON ESTATE,,Y
LFC0711,LFC0711,GOWON ESTATE,,Y
LFC0712,LFC0712,GOWON ESTATE,,Y
LFC0713,LFC0713,GOWON ESTATE,,Y
LFC0714,LFC0714,GOWON ESTATE,,Y
LFC0715,LFC0715,GOWON ESTATE,,Y
LFC0716,LFC0716,GOWON ESTATE,,Y
LFC0801,LFC0801,BARUWA,,Y
LFC0802,LFC0802,BARUWA,,Y
LFC0803,LFC0803,BARUWA,,Y
LFC0804,LFC0804,BARUWA,,Y
LFC0805,LFC0805,BARUWA,,Y
LFC0806,LFC0806,BARUWA,,Y
LFC0807,LFC0807,BARUWA,,Y
LFC0808,LFC0808,BARUWA,,Y
LFC0809,LFC0809,BARUWA,,Y
LFC0810,LFC0810,BARUWA,,Y
LFC0811,LFC0811,BARUWA,,Y
LFC0812,LFC0812,BARUWA,,Y
LFC0813,LFC0813,BARUWA,,Y
LFC0814,LFC0814,BARUWA,,Y
LFC0901,LFC0901,ABORU,,Y
LFC0902,LFC0902,ABORU,,Y
LFC0903,LFC0903,ABORU,,Y
LFC0904,LFC0904,ABORU,,Y
LFC0905,LFC0905,ABORU,,Y
LFC0906,LFC0906,ABORU,,Y
LFC0907,LFC0907,ABORU,,Y
LFC0908,LFC0908,ABORU,,Y
LFC0909,LFC0909,ABORU,,Y
LFC0910,LFC0910,ABORU,,Y
LFC0911,LFC0911,ABORU,,Y
LFC0912,LFC0912,ABORU,,Y
LFC0913,LFC0913,ABORU,,Y
LFC1001,LFC1001,IYANA ISASHI,,Y
LFC1002,LFC1002,IYANA ISASHI,,Y
LFC1003,LFC1003,IYANA ISASHI,,Y
LFC1004,LFC1004,IYANA ISASHI,,Y
LFC1005,LFC1005,IYANA ISASHI,,Y
LFC1006,LFC1006,IYANA ISASHI,,Y
LFC1007,LFC1007,IYANA ISASHI,,Y
LFC1008,LFC1008,IYANA ISASHI,,Y
LFC1009,LFC1009,IYANA ISASHI,,Y
LFC1010,LFC1010,IYANA ISASHI,,Y
LFC1011,LFC1011,IYANA ISASHI,,Y
LFC1012,LFC1012,IYANA ISASHI,,Y
LFC1013,LFC1013,IYANA ISASHI,,Y
LFC1014,LFC1014,IYANA ISASHI,,Y
LFC1015,LFC1015,IYANA ISASHI,,Y
LFC1101,LFC1101,WILKY,,Y
LFC1102,LFC1102,WILKY,,Y
LFC1103,LFC1103,WILKY,,Y
LFC1104,LFC1104,WILKY,,Y
LFC1105,LFC1105,WILKY,,Y
LFC1201,LFC1201,PEDRO,,Y
LFC1202,LFC1202,PEDRO,,Y
LFC1203,LFC1203,PEDRO,,Y
LFC1204,LFC1204,PEDRO,,Y
LFC1205,LFC1205,PEDRO,,Y
LFC1206,LFC1206,PEDRO,,Y
LFC1301,LFC1301,IJAIYE,,Y
LFC1302,LFC1302,IJAIYE,,Y
LFC1303,LFC1303,IJAIYE,,Y
LFC1304,LFC1304,IJAIYE,,Y
LFC1305,LFC1305,IJAIYE,,Y
LFC1306,LFC1306,IJAIYE,,Y
LFC1307,LFC1307,IJAIYE,,Y
LFC1308,LFC1308,IJAIYE,,Y
LFC1309,LFC1309,IJAIYE,,Y
LFC1310,LFC1310,IJAIYE,,Y
LFC1311,LFC1311,IJAIYE,,Y
LFC1312,LFC1312,IJAIYE,,Y
LFC1313,LFC1313,IJAIYE,,Y
LFC1314,LFC1314,IJAIYE,,Y
LFC1315,LFC1315,IJAIYE,,Y
LFC1316,LFC1316,IJAIYE,,Y
LFC1317,LFC1317,IJAIYE,,Y
LFC1318,LFC1318,IJAIYE,,Y
LFC1401,LFC1401,OGBA,,Y
LFC1402,LFC1402,OGBA,,Y
LFC1403,LFC1403,OGBA,,Y
LFC1404,LFC1404,OGBA,,Y
LFC1405,LFC1405,OGBA,,Y
LFC1406,LFC1406,OGBA,,Y
LFC1407,LFC1407,OGBA,,Y
LFC1408,LFC1408,OGBA,,Y
LFC1409,LFC1409,OGBA,,Y
LFC1410,LFC1410,OGBA,,Y
LFC1411,LFC1411,OGBA,,Y
LFC1501,LFC1501,YABA,,Y
LFC1502,LFC1502,YABA,,Y
LFC1503,LFC1503,YABA,,Y
LFC1504,LFC1504,YABA,,Y
LFC1505,LFC1505,YABA,,Y
LFC1506,LFC1506,YABA,,Y
LFC1507,LFC1507,YABA,,Y
LFC1508,LFC1508,YABA,,Y
LFC1509,LFC1509,YABA,,Y
LFC1510,LFC1510,YABA,,Y
LFC1601,LFC1601,MUSHIN,,Y
LFC1604,LFC1604,MUSHIN,,Y
LFC1605,LFC1605,MUSHIN,,Y
LFC1606,LFC1606,MUSHIN,,Y
LFC1607,LFC1607,MUSHIN,,Y
LFC1608,LFC1608,MUSHIN,,Y
LFC1609,LFC1609,MUSHIN,,Y
LFC1610,LFC1610,MUSHIN,,Y
LFC1701,LFC1701,AMUWO,,Y
LFC1702,LFC1702,AMUWO,,Y
LFC1703,LFC1703,AMUWO,,Y
LFC1704,LFC1704,AMUWO,,Y
LFC1705,LFC1705,AMUWO,,Y
LFC1706,LFC1706,AMUWO,,Y
LFC1707,LFC1707,AMUWO,,Y
LFC1708,LFC1708,AMUWO,,Y
LFC1709,LFC1709,AMUWO,,Y
LFC1710,LFC1710,AMUWO,,Y
LFC1801,LFC1801,AYOBO,,Y
LFC1802,LFC1802,AYOBO,,Y
LFC1803,LFC1803,AYOBO,,Y
LFC1804,LFC1804,AYOBO,,Y
LFC1805,LFC1805,AYOBO,,Y
LFC1806,LFC1806,AYOBO,,Y
LFC1807,LFC1807,AYOBO,,Y
LFC1808,LFC1808,AYOBO,,Y
LFC1809,LFC1809,AYOBO,,Y
LFC1810,LFC1810,AYOBO,,Y
LFC1811,LFC1811,AYOBO,,Y
LFC1901,LFC1901,OLAYEMI,,Y
LFC1902,LFC1902,OLAYEMI,,Y
LFC1903,LFC1903,OLAYEMI,,Y
LFC1904,LFC1904,OLAYEMI,,Y
LFC1905,LFC1905,OLAYEMI,,Y
LFC2001,LFC2001,CANDOS,,Y
LFC2002,LFC2002,CANDOS,,Y
LFC2004,LFC2004,CANDOS,,Y
LFC2005,LFC2005,CANDOS,,Y
LFC2006,LFC2006,CANDOS,,Y
LFC2101,LFC2101,MAJIYAGBE,,Y
LFC2102,LFC2102,MAJIYAGBE,,Y
LFC2103,LFC2103,MAJIYAGBE,,Y
LFC2104,LFC2104,MAJIYAGBE,,Y
LFC2105,LFC2105,MAJIYAGBE,,Y
LFC2106,LFC2106,MAJIYAGBE,,Y
LFC2107,LFC2107,MAJIYAGBE,,Y
LFC2108,LFC2108,MAJIYAGBE,,Y
LFC2109,LFC2109,MAJIYAGBE,,Y
LFC2110,LFC2110,MAJIYAGBE,,Y
LFC2201,LFC2201,LAFENWA,,Y
LFC2202,LFC2202,LAFENWA,,Y
LFC2203,LFC2203,LAFENWA,,Y
LFC2204,LFC2204,LAFENWA,,Y
LFC2205,LFC2205,LAFENWA,,Y
LFC2206,LFC2206,LAFENWA,,Y
LFC2207,LFC2207,LAFENWA,,Y
LFC2208,LFC2208,LAFENWA,,Y
LFC2209,LFC2209,LAFENWA,,Y
LFC2210,LFC2210,LAFENWA,,Y
LFC2211,LFC2211,LAFENWA,,Y
LFC2212,LFC2212,LAFENWA,,Y
LFC2213,LFC2213,LAFENWA,,Y
LFC2214,LFC2214,LAFENWA,,Y
LFC2215,LFC2215,LAFENWA,,Y
LFC2216,LFC2216,LAFENWA,,Y
LFC2217,LFC2217,LAFENWA,,Y
LFC2218,LFC2218,LAFENWA,,Y
LFC2301,LFC2301,PERFECT PEACE,,Y
LFC2302,LFC2302,PERFECT PEACE,,Y
LFC2303,LFC2303,PERFECT PEACE,,Y
LFC2304,LFC2304,PERFECT PEACE,,Y
LFC2305,LFC2305,PERFECT PEACE,,Y
LFC2306,LFC2306,PERFECT PEACE,,Y
LFC2307,LFC2307,PERFECT PEACE,,Y
LFC2308,LFC2308,PERFECT PEACE,,Y
LFC2309,LFC2309,PERFECT PEACE,,Y
LFC2310,LFC2310,PERFECT PEACE,,Y
LFC2311,LFC2311,PERFECT PEACE,,Y
LFC2312,LFC2312,PERFECT PEACE,,Y
LFC2313,LFC2313,PERFECT PEACE,,Y
LFC2401,LFC2401,ANTHONY,,Y
LFC2402,LFC2402,ANTHONY,,Y
LFC2403,LFC2403,ANTHONY,,Y
LFC2404,LFC2404,ANTHONY,,Y
LFC2405,LFC2405,ANTHONY,,Y
LFC2406,LFC2406,ANTHONY,,Y
LFC2407,LFC2407,ANTHONY,,Y
LFC2408,LFC2408,ANTHONY,,Y
LFC2409,LFC2409,ANTHONY,,Y
LFC2410,LFC2410,ANTHONY,,Y
LFC2411,LFC2411,ANTHONY,,Y
LFC2412,LFC2412,ANTHONY,,Y
LFC2413,LFC2413,ANTHONY,,Y
LFC2414,LFC2414,ANTHONY,,Y
LFC2415,LFC2415,ANTHONY,,Y
LFC2416,LFC2416,ANTHONY,,Y
LFC2417,LFC2417,ANTHONY,,Y
LFC2418,LFC2418,ANTHONY,,Y
LFC2419,LFC2419,ANTHONY,,Y
LFC2420,LFC2420,ANTHONY,,Y
LFC2421,LFC2421,ANTHONY,,Y
LFC2501,LFC2501,AKUTE,,Y
LFC2502,LFC2502,AKUTE,,Y
LFC2503,LFC2503,AKUTE,,Y
LFC2504,LFC2504,AKUTE,,Y
LFC2505,LFC2505,AKUTE,,Y
LFC2506,LFC2506,AKUTE,,Y
LFC2507,LFC2507,AKUTE,,Y
LFC2508,LFC2508,AKUTE,,Y
LFC2509,LFC2509,AKUTE,,Y
LFC2510,LFC2510,AKUTE,,Y
LFC2511,LFC2511,AKUTE,,Y
LFC2512,LFC2512,AKUTE,,Y
LFC2601,LFC2601,DENRO,,Y
LFC2603,LFC2603,DENRO,,Y
LFC2604,LFC2604,DENRO,,Y
LFC2605,LFC2605,DENRO,,Y
LFC2606,LFC2606,DENRO,,Y
LFC2607,LFC2607,DENRO,,Y
LFC2608,LFC2608,DENRO,,Y
LFC2609,LFC2609,DENRO,,Y
LFC2701,LFC2701,OLODI APAPA,,Y
LFC2702,LFC2702,OLODI APAPA,,Y
LFC2703,LFC2703,OLODI APAPA,,Y
LFC2704,LFC2704,OLODI APAPA,,Y
LFC2705,LFC2705,OLODI APAPA,,Y
LFC2706,LFC2706,OLODI APAPA,,Y
LFC2707,LFC2707,OLODI APAPA,,Y
LFC2708,LFC2708,OLODI APAPA,,Y
LFC2709,LFC2709,OLODI APAPA,,Y
LFC2710,LFC2710,OLODI APAPA,,Y
LFC2801,LFC2801,PARKLANE APAPA,,Y
LFC2802,LFC2802,PARKLANE APAPA,,Y
LFC2803,LFC2803,PARKLANE APAPA,,Y
LFC2804,LFC2804,PARKLANE APAPA,,Y
LFC2805,LFC2805,PARKLANE APAPA,,Y
LFC2806,LFC2806,PARKLANE APAPA,,Y
LFC2901,LFC2901,ALAGBADO AKINDE,,Y
LFC2902,LFC2902,ALAGBADO AKINDE,,Y
LFC2903,LFC2903,ALAGBADO AKINDE,,Y
LFC2904,LFC2904,ALAGBADO AKINDE,,Y
LFC2905,LFC2905,ALAGBADO AKINDE,,Y
LFC2906,LFC2906,ALAGBADO AKINDE,,Y
LFC2907,LFC2907,ALAGBADO AKINDE,,Y
LFC2908,LFC2908,ALAGBADO AKINDE,,Y
LFC2909,LFC2909,ALAGBADO AKINDE,,Y
LFC2910,LFC2910,ALAGBADO AKINDE,,Y
LFC2911,LFC2911,ALAGBADO AKINDE,,Y
LFC2912,LFC2912,ALAGBADO AKINDE,,Y
LFC2913,LFC2913,ALAGBADO AKINDE,,Y
LFC2914,LFC2914,ALAGBADO AKINDE,,Y
LFC2915,LFC2915,ALAGBADO AKINDE,,Y
LFC2916,LFC2916,ALAGBADO AKINDE,,Y
LFC2917,LFC2917,ALAGBADO AKINDE,,Y
LFC2918,LFC2918,ALAGBADO AKINDE,,Y
LFC2919,LFC2919,ALAGBADO AKINDE,,Y
LFC2920,LFC2920,ALAGBADO AKINDE,,Y
LFC2921,LFC2921,ALAGBADO AKINDE,,Y
LFC3001,LFC3001,AIT,,Y
LFC3002,LFC3002,AIT,,Y
LFC3003,LFC3003,AIT,,Y
LFC3004,LFC3004,AIT,,Y
LFC3005,LFC3005,AIT,,Y
LFC3006,LFC3006,AIT,,Y
LFC3007,LFC3007,AIT,,Y
LFC3008,LFC3008,AIT,,Y
LFC3009,LFC3009,AIT,,Y
LFC3010,LFC3010,AIT,,Y
LFC3011,LFC3011,AIT,,Y
LFC3012,LFC3012,AIT,,Y
LFC3013,LFC3013,AIT,,Y
LFC3014,LFC3014,AIT,,Y
LFC3015,LFC3015,AIT,,Y
LFC3016,LFC3016,AIT,,Y
LFC3017,LFC3017,AIT,,Y
LFC3018,LFC3018,AIT,,Y
LFC3101,LFC3101,AGEGE,,Y
LFC3102,LFC3102,AGEGE,,Y
LFC3103,LFC3103,AGEGE,,Y
LFC3104,LFC3104,AGEGE,,Y
LFC3105,LFC3105,AGEGE,,Y
LFC3106,LFC3106,AGEGE,,Y
LFC3107,LFC3107,AGEGE,,Y
LFC3201,LFC3201,FAGBA,,Y
LFC3202,LFC3202,FAGBA,,Y
LFC3203,LFC3203,FAGBA,,Y
LFC3204,LFC3204,FAGBA,,Y
LFC3205,LFC3205,FAGBA,,Y
LFC3206,LFC3206,FAGBA,,Y
LFC3207,LFC3207,FAGBA,,Y
LFC3208,LFC3208,FAGBA,,Y
LFC3209,LFC3209,FAGBA,,Y
LFC3210,LFC3210,FAGBA,,Y
LFC3211,LFC3211,FAGBA,,Y
LFC3301,LFC3301,ATAN 1,,Y
LFC3302,LFC3302,ATAN 1,,Y
LFC3303,LFC3303,ATAN 1,,Y
LFC3304,LFC3304,ATAN 1,,Y
LFC3305,LFC3305,ATAN 1,,Y
LFC3306,LFC3306,ATAN 1,,Y
LFC3307,LFC3307,ATAN 1,,Y
LFC3308,LFC3308,ATAN 1,,Y
LFC3309,LFC3309,ATAN 1,,Y
LFC3310,LFC3310,ATAN 1,,Y
LFC3311,LFC3311,ATAN 1,,Y
LFC3312,LFC3312,ATAN 1,,Y
LFC3315,LFC3315,ATAN 1,,Y
LFC3401,LFC3401,ADELANS 1,,Y
LFC3402,LFC3402,ADELANS 1,,Y
LFC3403,LFC3403,ADELANS 1,,Y
LFC3404,LFC3404,ADELANS 1,,Y
LFC3405,LFC3405,ADELANS 1,,Y
LFC3406,LFC3406,ADELANS 1,,Y
LFC3407,LFC3407,ADELANS 1,,Y
LFC3408,LFC3408,ADELANS 1,,Y
LFC3409,LFC3409,ADELANS 1,,Y
LFC3410,LFC3410,ADELANS 1,,Y
LFC3411,LFC3411,ADELANS 1,,Y
LFC3412,LFC3412,ADELANS 1,,Y
LFC3413,LFC3413,ADELANS 1,,Y
LFC3414,LFC3414,ADELANS 1,,Y
LFC3415,LFC3415,ADELANS 1,,Y
LFC3416,LFC3416,ADELANS 1,,Y
LFC3501,LFC3501,LUSADA,,Y
LFC3502,LFC3502,LUSADA,,Y
LFC3503,LFC3503,LUSADA,,Y
LFC3504,LFC3504,LUSADA,,Y
LFC3505,LFC3505,LUSADA,,Y
LFC3506,LFC3506,LUSADA,,Y
LFC3507,LFC3507,LUSADA,,Y
LFC3508,LFC3508,LUSADA,,Y
LFC3509,LFC3509,LUSADA,,Y
LFC3510,LFC3510,LUSADA,,Y
LFC3511,LFC3511,LUSADA,,Y
LFC3512,LFC3512,LUSADA,,Y
LFC3513,LFC3513,LUSADA,,Y
LFC3514,LFC3514,LUSADA,,Y
LFC3515,LFC3515,LUSADA,,Y
LFC3516,LFC3516,LUSADA,,Y
LFC3517,LFC3517,LUSADA,,Y
LFC3518,LFC3518,LUSADA,,Y
LFC3519,LFC3519,LUSADA,,Y
LFC3520,LFC3520,LUSADA,,Y
LFC3521,LFC3521,LUSADA,,Y
LFC3522,LFC3522,LUSADA,,Y
LFC3523,LFC3523,LUSADA,,Y
LFC3524,LFC3524,LUSADA,,Y
LFC3525,LFC3525,LUSADA,,Y
LFC3526,LFC3526,LUSADA,,Y
LFC3601,LFC3601,IJEGUN IKOTUN,,Y
LFC3602,LFC3602,IJEGUN IKOTUN,,Y
LFC3603,LFC3603,IJEGUN IKOTUN,,Y
LFC3604,LFC3604,IJEGUN IKOTUN,,Y
LFC3605,LFC3605,IJEGUN IKOTUN,,Y
LFC3606,LFC3606,IJEGUN IKOTUN,,Y
LFC3607,LFC3607,IJEGUN IKOTUN,,Y
LFC3608,LFC3608,IJEGUN IKOTUN,,Y
LFC3609,LFC3609,IJEGUN IKOTUN,,Y
LFC3610,LFC3610,IJEGUN IKOTUN,,Y
LFC3611,LFC3611,IJEGUN IKOTUN,,Y
LFC3612,LFC3612,IJEGUN IKOTUN,,Y
LFC3613,LFC3613,IJEGUN IKOTUN,,Y
LFC3614,LFC3614,IJEGUN IKOTUN,,Y
LFC3615,LFC3615,IJEGUN IKOTUN,,Y
LFC3616,LFC3616,IJEGUN IKOTUN,,Y
LFC3617,LFC3617,IJEGUN IKOTUN,,Y
LFC3701,LFC3701,IGANDO,,Y
LFC3702,LFC3702,IGANDO,,Y
LFC3703,LFC3703,IGANDO,,Y
LFC3704,LFC3704,IGANDO,,Y
LFC3705,LFC3705,IGANDO,,Y
LFC3706,LFC3706,IGANDO,,Y
LFC3707,LFC3707,IGANDO,,Y
LFC3708,LFC3708,IGANDO,,Y
LFC3709,LFC3709,IGANDO,,Y
LFC3710,LFC3710,IGANDO,,Y
LFC3711,LFC3711,IGANDO,,Y
LFC3712,LFC3712,IGANDO,,Y
LFC3713,LFC3713,IGANDO,,Y
LFC3714,LFC3714,IGANDO,,Y
LFC3715,LFC3715,IGANDO,,Y
LFC3716,LFC3716,IGANDO,,Y
LFC3717,LFC3717,IGANDO,,Y
LFC3718,LFC3718,IGANDO,,Y
LFC3801,LFC3801,IYANA ODO,,Y
LFC3802,LFC3802,IYANA ODO,,Y
LFC3803,LFC3803,IYANA ODO,,Y
LFC3804,LFC3804,IYANA ODO,,Y
LFC3805,LFC3805,IYANA ODO,,Y
LFC3806,LFC3806,IYANA ODO,,Y
LFC3807,LFC3807,IYANA ODO,,Y
LFC3808,LFC3808,IYANA ODO,,Y
LFC3809,LFC3809,IYANA ODO,,Y
LFC3810,LFC3810,IYANA ODO,,Y
LFC3811,LFC3811,IYANA ODO,,Y
LFC3812,LFC3812,IYANA ODO,,Y
LFC3813,LFC3813,IYANA ODO,,Y
LFC3901,LFC3901,ARIDA,,Y
LFC3902,LFC3902,ARIDA,,Y
LFC3903,LFC3903,ARIDA,,Y
LFC3904,LFC3904,ARIDA,,Y
LFC3905,LFC3905,ARIDA,,Y
LFC3906,LFC3906,ARIDA,,Y
LFC3907,LFC3907,ARIDA,,Y
LFC3908,LFC3908,ARIDA,,Y
LFC3909,LFC3909,ARIDA,,Y
LFC3910,LFC3910,ARIDA,,Y
LFC4001,LFC4001,SHASHA,,Y
LFC4002,LFC4002,SHASHA,,Y
LFC4003,LFC4003,SHASHA,,Y
LFC4004,LFC4004,SHASHA,,Y
LFC4005,LFC4005,SHASHA,,Y
LFC4006,LFC4006,SHASHA,,Y
LFC4007,LFC4007,SHASHA,,Y
LFC4008,LFC4008,SHASHA,,Y
LFC4009,LFC4009,SHASHA,,Y
LFC4010,LFC4010,SHASHA,,Y
LFC4011,LFC4011,SHASHA,,Y
LFC4101,LFC4101,EGBEDA,,Y
LFC4102,LFC4102,EGBEDA,,Y
LFC4103,LFC4103,EGBEDA,,Y
LFC4104,LFC4104,EGBEDA,,Y
LFC4105,LFC4105,EGBEDA,,Y
LFC4106,LFC4106,EGBEDA,,Y
LFC4107,LFC4107,EGBEDA,,Y
LFC4108,LFC4108,EGBEDA,,Y
LFC4109,LFC4109,EGBEDA,,Y
LFC4110,LFC4110,EGBEDA,,Y
LFC4111,LFC4111,EGBEDA,,Y
LFC4112,LFC4112,EGBEDA,,Y
LFC4113,LFC4113,EGBEDA,,Y
LFC4201,LFC4201,OREGUN IKEJA,,Y
LFC4202,LFC4202,OREGUN IKEJA,,Y
LFC4203,LFC4203,OREGUN IKEJA,,Y
LFC4204,LFC4204,OREGUN IKEJA,,Y
LFC4205,LFC4205,OREGUN IKEJA,,Y
LFC4206,LFC4206,OREGUN IKEJA,,Y
LFC4207,LFC4207,OREGUN IKEJA,,Y
LFC4208,LFC4208,OREGUN IKEJA,,Y
LFC4209,LFC4209,OREGUN IKEJA,,Y
LFC4210,LFC4210,OREGUN IKEJA,,Y
LFC4211,LFC4211,OREGUN IKEJA,,Y
LFC4301,LFC4301,CEMENT,,Y
LFC4302,LFC4302,CEMENT,,Y
LFC4303,LFC4303,CEMENT,,Y
LFC4304,LFC4304,CEMENT,,Y
LFC4305,LFC4305,CEMENT,,Y
LFC4306,LFC4306,CEMENT,,Y
LFC4307,LFC4307,CEMENT,,Y
LFC4401,LFC4401,OJODU BERGER 1,,Y
LFC4402,LFC4402,OJODU BERGER 1,,Y
LFC4403,LFC4403,OJODU BERGER 1,,Y
LFC4404,LFC4404,OJODU BERGER 1,,Y
LFC4405,LFC4405,OJODU BERGER 1,,Y
LFC4406,LFC4406,OJODU BERGER 1,,Y
LFC4407,LFC4407,OJODU BERGER 1,,Y
LFC4408,LFC4408,OJODU BERGER 1,,Y
LFC4501,LFC4501,IFAKO,,Y
LFC4502,LFC4502,IFAKO,,Y
LFC4503,LFC4503,IFAKO,,Y
LFC4504,LFC4504,IFAKO,,Y
LFC4505,LFC4505,IFAKO,,Y
LFC4506,LFC4506,IFAKO,,Y
LFC4507,LFC4507,IFAKO,,Y
LFC4508,LFC4508,IFAKO,,Y
LFC4509,LFC4509,IFAKO,,Y
LFC4510,LFC4510,IFAKO,,Y
LFC4511,LFC4511,IFAKO,,Y
LFC4512,LFC4512,IFAKO,,Y
LFC4601,LFC4601,ISHERI OPIC,,Y
LFC4602,LFC4602,ISHERI OPIC,,Y
LFC4603,LFC4603,ISHERI OPIC,,Y
LFC4604,LFC4604,ISHERI OPIC,,Y
LFC4605,LFC4605,ISHERI OPIC,,Y
LFC4606,LFC4606,ISHERI OPIC,,Y
LFC4701,LFC4701,OJODU BERGER 2,,Y
LFC4702,LFC4702,OJODU BERGER 2,,Y
LFC4703,LFC4703,OJODU BERGER 2,,Y
LFC4704,LFC4704,OJODU BERGER 2,,Y
LFC4801,LFC4801,IKOSI KETU,,Y
LFC4802,LFC4802,IKOSI KETU,,Y
LFC4803,LFC4803,IKOSI KETU,,Y
LFC4804,LFC4804,IKOSI KETU,,Y
LFC4805,LFC4805,IKOSI KETU,,Y
LFC4806,LFC4806,IKOSI KETU,,Y
LFC4807,LFC4807,IKOSI KETU,,Y
LFC4808,LFC4808,IKOSI KETU,,Y
LFC4809,LFC4809,IKOSI KETU,,Y
LFC4901,LFC4901,MAGODO GRA,,Y
LFC4902,LFC4902,MAGODO GRA,,Y
LFC4903,LFC4903,MAGODO GRA,,Y
LFC4904,LFC4904,MAGODO GRA,,Y
LFC4905,LFC4905,MAGODO GRA,,Y
LFC4906,LFC4906,MAGODO GRA,,Y
LFC4907,LFC4907,MAGODO GRA,,Y
LFC4908,LFC4908,MAGODO GRA,,Y
LFC4909,LFC4909,MAGODO GRA,,Y
LFC4910,LFC4910,MAGODO GRA,,Y
LFC5001,LFC5001,OKOKOMAIKO,,Y
LFC5002,LFC5002,OKOKOMAIKO,,Y
LFC5003,LFC5003,OKOKOMAIKO,,Y
LFC5004,LFC5004,OKOKOMAIKO,,Y
LFC5005,LFC5005,OKOKOMAIKO,,Y
LFC5006,LFC5006,OKOKOMAIKO,,Y
LFC5007,LFC5007,OKOKOMAIKO,,Y
LFC5008,LFC5008,OKOKOMAIKO,,Y
LFC5009,LFC5009,OKOKOMAIKO,,Y
LFC5010,LFC5010,OKOKOMAIKO,,Y
LFC5011,LFC5011,OKOKOMAIKO,,Y
LFC5101,LFC5101,AGBARA,,Y
LFC5102,LFC5102,AGBARA,,Y
LFC5103,LFC5103,AGBARA,,Y
LFC5104,LFC5104,AGBARA,,Y
LFC5105,LFC5105,AGBARA,,Y
LFC5106,LFC5106,AGBARA,,Y
LFC5107,LFC5107,AGBARA,,Y
LFC5111,LFC5111,AGBARA,,Y
LFC5112,LFC5112,AGBARA,,Y
LFC5113,LFC5113,AGBARA,,Y
LFC5201,LFC5201,IDORAWA EDU,,Y
LFC5202,LFC5202,IDORAWA EDU,,Y
LFC5203,LFC5203,IDORAWA EDU,,Y
LFC5204,LFC5204,IDORAWA EDU,,Y
LFC5205,LFC5205,IDORAWA EDU,,Y
LFC5206,LFC5206,IDORAWA EDU,,Y
LFC5207,LFC5207,IDORAWA EDU,,Y
LFC5208,LFC5208,IDORAWA EDU,,Y
LFC5209,LFC5209,IDORAWA EDU,,Y
LFC5210,LFC5210,IDORAWA EDU,,Y
LFC5211,LFC5211,IDORAWA EDU,,Y
LFC5301,LFC5301,IJURI,,Y
LFC5302,LFC5302,IJURI,,Y
LFC5303,LFC5303,IJURI,,Y
LFC5304,LFC5304,IJURI,,Y
LFC5305,LFC5305,IJURI,,Y
LFC5306,LFC5306,IJURI,,Y
LFC5307,LFC5307,IJURI,,Y
LFC5308,LFC5308,IJURI,,Y
LFC5309,LFC5309,IJURI,,Y
LFC5310,LFC5310,IJURI,,Y
LFC5401,LFC5401,BADAGRY,,Y
LFC5402,LFC5402,BADAGRY,,Y
LFC5403,LFC5403,BADAGRY,,Y
LFC5404,LFC5404,BADAGRY,,Y
LFC5405,LFC5405,BADAGRY,,Y
LFC5406,LFC5406,BADAGRY,,Y
LFC5407,LFC5407,BADAGRY,,Y
LFC5408,LFC5408,BADAGRY,,Y
LFC5409,LFC5409,BADAGRY,,Y
LFC5410,LFC5410,BADAGRY,,Y
LFC5411,LFC5411,BADAGRY,,Y
LFC5412,LFC5412,BADAGRY,,Y
LFC5501,LFC5501,IBIYE,,Y
LFC5502,LFC5502,IBIYE,,Y
LFC5503,LFC5503,IBIYE,,Y
LFC5504,LFC5504,IBIYE,,Y
LFC5505,LFC5505,IBIYE,,Y
LFC5506,LFC5506,IBIYE,,Y
LFC5601,LFC5601,OKOTA,,Y
LFC5602,LFC5602,OKOTA,,Y
LFC5603,LFC5603,OKOTA,,Y
LFC5604,LFC5604,OKOTA,,Y
LFC5605,LFC5605,OKOTA,,Y
LFC5606,LFC5606,OKOTA,,Y
LFC5607,LFC5607,OKOTA,,Y
LFC5608,LFC5608,OKOTA,,Y
LFC5609,LFC5609,OKOTA,,Y
LFC5610,LFC5610,OKOTA,,Y
LFC5611,LFC5611,OKOTA,,Y
LFC5612,LFC5612,OKOTA,,Y
LFC5613,LFC5613,OKOTA,,Y
LFC5615,LFC5615,OKOTA,,Y
LFC5701,LFC5701,OSHODI,,Y
LFC5702,LFC5702,OSHODI,,Y
LFC5703,LFC5703,OSHODI,,Y
LFC5704,LFC5704,OSHODI,,Y
LFC5705,LFC5705,OSHODI,,Y
LFC5706,LFC5706,OSHODI,,Y
LFC5707,LFC5707,OSHODI,,Y
LFC5708,LFC5708,OSHODI,,Y
LFC5709,LFC5709,OSHODI,,Y
LFC5710,LFC5710,OSHODI,,Y
LFC5711,LFC5711,OSHODI,,Y
LFC5712,LFC5712,OSHODI,,Y
LFC5713,LFC5713,OSHODI,,Y
LFC5714,LFC5714,OSHODI,,Y
LFC5715,LFC5715,OSHODI,,Y
LFC5716,LFC5716,OSHODI,,Y
LFC5717,LFC5717,OSHODI,,Y
LFC5718,LFC5718,OSHODI,,Y
LFC5719,LFC5719,OSHODI,,Y
LFC5801,LFC5801,FESTAC,,Y
LFC5802,LFC5802,FESTAC,,Y
LFC5803,LFC5803,FESTAC,,Y
LFC5804,LFC5804,FESTAC,,Y
LFC5805,LFC5805,FESTAC,,Y
LFC5806,LFC5806,FESTAC,,Y
LFC5807,LFC5807,FESTAC,,Y
LFC5808,LFC5808,FESTAC,,Y
LFC5809,LFC5809,FESTAC,,Y
LFC5901,LFC5901,IJU ISHAGA,,Y
LFC5902,LFC5902,IJU ISHAGA,,Y
LFC5903,LFC5903,IJU ISHAGA,,Y
LFC5904,LFC5904,IJU ISHAGA,,Y
LFC5905,LFC5905,IJU ISHAGA,,Y
LFC5906,LFC5906,IJU ISHAGA,,Y
LFC5907,LFC5907,IJU ISHAGA,,Y
LFC5908,LFC5908,IJU ISHAGA,,Y
LFC5909,LFC5909,IJU ISHAGA,,Y
LFC5910,LFC5910,IJU ISHAGA,,Y
LFC5911,LFC5911,IJU ISHAGA,,Y
LFC5912,LFC5912,IJU ISHAGA,,Y
LFC5913,LFC5913,IJU ISHAGA,,Y
LFC5914,LFC5914,IJU ISHAGA,,Y
LFC5915,LFC5915,IJU ISHAGA,,Y
LFC5916,LFC5916,IJU ISHAGA,,Y
LFC5917,LFC5917,IJU ISHAGA,,Y
LFC5918,LFC5918,IJU ISHAGA,,Y
LFC6001,LFC6001,EMDEO,,Y
LFC6002,LFC6002,EMDEO,,Y
LFC6003,LFC6003,EMDEO,,Y
LFC6004,LFC6004,EMDEO,,Y
LFC6005,LFC6005,EMDEO,,Y
LFC6006,LFC6006,EMDEO,,Y
LFC6007,LFC6007,EMDEO,,Y
LFC6008,LFC6008,EMDEO,,Y
LFC6009,LFC6009,EMDEO,,Y
LFC6010,LFC6010,EMDEO,,Y
LFC6101,LFC6101,AGBADO,,Y
LFC6102,LFC6102,AGBADO,,Y
LFC6103,LFC6103,AGBADO,,Y
LFC6104,LFC6104,AGBADO,,Y
LFC6106,LFC6106,AGBADO,,Y
LFC6107,LFC6107,AGBADO,,Y
LFC6108,LFC6108,AGBADO,,Y
LFC6109,LFC6109,AGBADO,,Y
LFC6110,LFC6110,AGBADO,,Y
LFC6111,LFC6111,AGBADO,,Y
LFC6112,LFC6112,AGBADO,,Y
LFC6201,LFC6201,BODE WILLIAMS,,Y
LFC6202,LFC6202,BODE WILLIAMS,,Y
LFC6203,LFC6203,BODE WILLIAMS,,Y
LFC6204,LFC6204,BODE WILLIAMS,,Y
LFC6205,LFC6205,BODE WILLIAMS,,Y
LFC6206,LFC6206,BODE WILLIAMS,,Y
LFC6207,LFC6207,BODE WILLIAMS,,Y
LFC6208,LFC6208,BODE WILLIAMS,,Y
LFC6209,LFC6209,BODE WILLIAMS,,Y
LFC6210,LFC6210,BODE WILLIAMS,,Y
LFC6211,LFC6211,BODE WILLIAMS,,Y
LFC6212,LFC6212,BODE WILLIAMS,,Y
LFC6301,LFC6301,LEKKI,,Y
LFC6302,LFC6302,LEKKI,,Y
LFC6303,LFC6303,LEKKI,,Y
LFC6304,LFC6304,LEKKI,,Y
LFC6305,LFC6305,LEKKI,,Y
LFC6306,LFC6306,LEKKI,,Y
LFC6307,LFC6307,LEKKI,,Y
LFC6308,LFC6308,LEKKI,,Y
LFC6309,LFC6309,LEKKI,,Y
LFC6310,LFC6310,LEKKI,,Y
LFC6311,LFC6311,LEKKI,,Y
LFC6312,LFC6312,LEKKI,,Y
LFC6401,LFC6401,VGC,,Y
LFC6402,LFC6402,VGC,,Y
LFC6403,LFC6403,VGC,,Y
LFC6404,LFC6404,VGC,,Y
LFC6405,LFC6405,VGC,,Y
LFC6406,LFC6406,VGC,,Y
LFC6407,LFC6407,VGC,,Y
LFC6408,LFC6408,VGC,,Y
LFC6409,LFC6409,VGC,,Y
LFC6410,LFC6410,VGC,,Y
LFC6411,LFC6411,VGC,,Y
LFC6501,LFC6501,AJAH,,Y
LFC6504,LFC6504,AJAH,,Y
LFC6505,LFC6505,AJAH,,Y
LFC6506,LFC6506,AJAH,,Y
LFC6507,LFC6507,AJAH,,Y
LFC6508,LFC6508,AJAH,,Y
LFC6509,LFC6509,AJAH,,Y
LFC6510,LFC6510,AJAH,,Y
LFC6511,LFC6511,AJAH,,Y
LFC6512,LFC6512,AJAH,,Y
LFC6513,LFC6513,AJAH,,Y
LFC6514,LFC6514,AJAH,,Y
LFC6515,LFC6515,AJAH,,Y
LFC6516,LFC6516,AJAH,,Y
LFC6517,LFC6517,AJAH,,Y
LFC6518,LFC6518,AJAH,,Y
LFC6601,LFC6601,BADORE,,Y
LFC6602,LFC6602,BADORE,,Y
LFC6603,LFC6603,BADORE,,Y
LFC6604,LFC6604,BADORE,,Y
LFC6605,LFC6605,BADORE,,Y
LFC6606,LFC6606,BADORE,,Y
LFC6607,LFC6607,BADORE,,Y
LFC6608,LFC6608,BADORE,,Y
LFC6609,LFC6609,BADORE,,Y
LFC6610,LFC6610,BADORE,,Y
LFC6611,LFC6611,BADORE,,Y
LFC6612,LFC6612,BADORE,,Y
LFC6613,LFC6613,BADORE,,Y
LFC6614,LFC6614,BADORE,,Y
LFC6615,LFC6615,BADORE,,Y
LFC6616,LFC6616,BADORE,,Y
LFC6617,LFC6617,BADORE,,Y
LFC6618,LFC6618,BADORE,,Y
LFC6701,LFC6701,SURULERE,,Y
LFC6702,LFC6702,SURULERE,,Y
LFC6703,LFC6703,SURULERE,,Y
LFC6704,LFC6704,SURULERE,,Y
LFC6705,LFC6705,SURULERE,,Y
LFC6706,LFC6706,SURULERE,,Y
LFC6707,LFC6707,SURULERE,,Y
LFC6708,LFC6708,SURULERE,,Y
LFC6709,LFC6709,SURULERE,,Y
LFC6801,LFC6801,LAWANSON,,Y
LFC6802,LFC6802,LAWANSON,,Y
LFC6803,LFC6803,LAWANSON,,Y
LFC6901,LFC6901,MASHA,,Y
LFC6902,LFC6902,MASHA,,Y
LFC6903,LFC6903,MASHA,,Y
LFC6904,LFC6904,MASHA,,Y
LFC7001,LFC7001,ILAJE,,Y
LFC7002,LFC7002,ILAJE,,Y
LFC7003,LFC7003,ILAJE,,Y
LFC7004,LFC7004,ILAJE,,Y
LFC7005,LFC7005,ILAJE,,Y
LFC7101,LFC7101,OWODE,,Y
LFC7102,LFC7102,OWODE,,Y
LFC7103,LFC7103,OWODE,,Y
LFC7104,LFC7104,OWODE,,Y
LFC7105,LFC7105,OWODE,,Y
LFC7106,LFC7106,OWODE,,Y
LFC7107,LFC7107,OWODE,,Y
LFC7108,LFC7108,OWODE,,Y
LFC7109,LFC7109,OWODE,,Y
LFC7110,LFC7110,OWODE,,Y
LFC7111,LFC7111,OWODE,,Y
LFC7112,LFC7112,OWODE,,Y
LFC7113,LFC7113,OWODE,,Y
LFC7114,LFC7114,OWODE,,Y
LFC7115,LFC7115,OWODE,,Y
LFC7116,LFC7116,OWODE,,Y
LFC7117,LFC7117,OWODE,,Y
LFC7118,LFC7118,OWODE,,Y
LFC7119,LFC7119,OWODE,,Y
LFC7120,LFC7120,OWODE,,Y
LFC7121,LFC7121,OWODE,,Y
LFC7122,LFC7122,OWODE,,Y
LFC7123,LFC7123,OWODE,,Y
LFC7124,LFC7124,OWODE,,Y
LFC7125,LFC7125,OWODE,,Y
LFC7126,LFC7126,OWODE,,Y
LFC7127,LFC7127,OWODE,,Y
LFC7128,LFC7128,OWODE,,Y
LFC7129,LFC7129,OWODE,,Y
LFC7130,LFC7130,OWODE,,Y
LFC7131,LFC7131,OWODE,,Y
LFC7132,LFC7132,OWODE,,Y
LFC7133,LFC7133,OWODE,,Y
LFC7134,LFC7134,OWODE,,Y
LFC7135,LFC7135,OWODE,,Y
LFC7136,LFC7136,OWODE,,Y
LFC7201,LFC7201,SANGO OTA,,Y
LFC7202,LFC7202,SANGO OTA,,Y
LFC7203,LFC7203,SANGO OTA,,Y
LFC7204,LFC7204,SANGO OTA,,Y
LFC7205,LFC7205,SANGO OTA,,Y
LFC7206,LFC7206,SANGO OTA,,Y
LFC7207,LFC7207,SANGO OTA,,Y
LFC7208,LFC7208,SANGO OTA,,Y
LFC7209,LFC7209,SANGO OTA,,Y
LFC7210,LFC7210,SANGO OTA,,Y
LFC7211,LFC7211,SANGO OTA,,Y
LFC7212,LFC7212,SANGO OTA,,Y
LFC7213,LFC7213,SANGO OTA,,Y
LFC7301,LFC7301,ABEBI OTA,,Y
LFC7302,LFC7302,ABEBI OTA,,Y
LFC7303,LFC7303,ABEBI OTA,,Y
LFC7304,LFC7304,ABEBI OTA,,Y
LFC7305,LFC7305,ABEBI OTA,,Y
LFC7306,LFC7306,ABEBI OTA,,Y
LFC7307,LFC7307,ABEBI OTA,,Y
LFC7308,LFC7308,ABEBI OTA,,Y
LFC7309,LFC7309,ABEBI OTA,,Y
LFC7310,LFC7310,ABEBI OTA,,Y
LFC7311,LFC7311,ABEBI OTA,,Y
LFC7312,LFC7312,ABEBI OTA,,Y
LFC7313,LFC7313,ABEBI OTA,,Y
LFC7314,LFC7314,ABEBI OTA,,Y
LFC7315,LFC7315,ABEBI OTA,,Y
LFC7316,LFC7316,ABEBI OTA,,Y
LFC7317,LFC7317,ABEBI OTA,,Y
LFC7318,LFC7318,ABEBI OTA,,Y
LFC7320,LFC7320,ABEBI OTA,,Y
LFC7322,LFC7322,ABEBI OTA,,Y
LFC7323,LFC7323,ABEBI OTA,,Y
LFC7401,LFC7401,IGBALA,,Y
LFC7402,LFC7402,IGBALA,,Y
LFC7403,LFC7403,IGBALA,,Y
LFC7404,LFC7404,IGBALA,,Y
LFC7405,LFC7405,IGBALA,,Y
LFC7406,LFC7406,IGBALA,,Y
LFC7407,LFC7407,IGBALA,,Y
LFC7501,LFC7501,ILOGBO OTA,,Y
LFC7502,LFC7502,ILOGBO OTA,,Y
LFC7503,LFC7503,ILOGBO OTA,,Y
LFC7504,LFC7504,ILOGBO OTA,,Y
LFC7505,LFC7505,ILOGBO OTA,,Y
LFC7506,LFC7506,ILOGBO OTA,,Y
LFC7507,LFC7507,ILOGBO OTA,,Y
LFC7508,LFC7508,ILOGBO OTA,,Y
LFC7509,LFC7509,ILOGBO OTA,,Y
LFC7510,LFC7510,ILOGBO OTA,,Y
LFC7511,LFC7511,ILOGBO OTA,,Y
LFC7512,LFC7512,ILOGBO OTA,,Y
LFC7513,LFC7513,ILOGBO OTA,,Y
LFC7514,LFC7514,ILOGBO OTA,,Y
LFC7515,LFC7515,ILOGBO OTA,,Y
LFC7516,LFC7516,ILOGBO OTA,,Y
LFC7517,LFC7517,ILOGBO OTA,,Y
LFC7518,LFC7518,ILOGBO OTA,,Y
LFC7519,LFC7519,ILOGBO OTA,,Y
LFC7520,LFC7520,ILOGBO OTA,,Y
LFC7601,LFC7601,IJOKO,,Y
LFC7602,LFC7602,IJOKO,,Y
LFC7603,LFC7603,IJOKO,,Y
LFC7604,LFC7604,IJOKO,,Y
LFC7605,LFC7605,IJOKO,,Y
LFC7606,LFC7606,IJOKO,,Y
LFC7607,LFC7607,IJOKO,,Y
LFC7608,LFC7608,IJOKO,,Y
LFC7609,LFC7609,IJOKO,,Y
LFC7610,LFC7610,IJOKO,,Y
LFC7611,LFC7611,IJOKO,,Y
LFC7612,LFC7612,IJOKO,,Y
LFC7613,LFC7613,IJOKO,,Y
LFC7614,LFC7614,IJOKO,,Y
LFC7615,LFC7615,IJOKO,,Y
LFC7616,LFC7616,IJOKO,,Y
LFC7701,LFC7701,WHITEHOUSE,,Y
LFC7702,LFC7702,WHITEHOUSE,,Y
LFC7703,LFC7703,WHITEHOUSE,,Y
LFC7704,LFC7704,WHITEHOUSE,,Y
LFC7705,LFC7705,WHITEHOUSE,,Y
LFC7706,LFC7706,WHITEHOUSE,,Y
LFC7707,LFC7707,WHITEHOUSE,,Y
LFC7708,LFC7708,WHITEHOUSE,,Y
LFC7709,LFC7709,WHITEHOUSE,,Y
LFC7710,LFC7710,WHITEHOUSE,,Y
LFC7711,LFC7711,WHITEHOUSE,,Y
LFC7712,LFC7712,WHITEHOUSE,,Y
LFC7713,LFC7713,WHITEHOUSE,,Y
LFC7714,LFC7714,WHITEHOUSE,,Y
LFC7715,LFC7715,WHITEHOUSE,,Y
LFC7716,LFC7716,WHITEHOUSE,,Y
LFC7717,LFC7717,WHITEHOUSE,,Y
LFC7718,LFC7718,WHITEHOUSE,,Y
LFC7719,LFC7719,WHITEHOUSE,,Y
LFC7720,LFC7720,WHITEHOUSE,,Y
LFC7721,LFC7721,WHITEHOUSE,,Y
LFC7722,LFC7722,WHITEHOUSE,,Y
LFC7723,LFC7723,WHITEHOUSE,,Y
LFC7724,LFC7724,WHITEHOUSE,,Y
LFC7725,LFC7725,WHITEHOUSE,,Y
LFC7726,LFC7726,WHITEHOUSE,,Y
LFC7801,LFC7801,IYESI 2,,Y
LFC7802,LFC7802,IYESI 2,,Y
LFC7803,LFC7803,IYESI 2,,Y
LFC7804,LFC7804,IYESI 2,,Y
LFC7805,LFC7805,IYESI 2,,Y
LFC7806,LFC7806,IYESI 2,,Y
LFC7807,LFC7807,IYESI 2,,Y
LFC7808,LFC7808,IYESI 2,,Y
LFC7809,LFC7809,IYESI 2,,Y
LFC7811,LFC7811,IYESI 2,,Y
LFC7812,LFC7812,IYESI 2,,Y
LFC7813,LFC7813,IYESI 2,,Y
LFC7814,LFC7814,IYESI 2,,Y
LFC7901,LFC7901,HIGH COURT,,Y
LFC7902,LFC7902,HIGH COURT,,Y
LFC7903,LFC7903,HIGH COURT,,Y
LFC7904,LFC7904,HIGH COURT,,Y
LFC7905,LFC7905,HIGH COURT,,Y
LFC7906,LFC7906,HIGH COURT,,Y
LFC7907,LFC7907,HIGH COURT,,Y
LFC7908,LFC7908,HIGH COURT,,Y
LFC7909,LFC7909,HIGH COURT,,Y
LFC7910,LFC7910,HIGH COURT,,Y
LFC7911,LFC7911,HIGH COURT,,Y
LFC7912,LFC7912,HIGH COURT,,Y
LFC7913,LFC7913,HIGH COURT,,Y
LFC7914,LFC7914,HIGH COURT,,Y
LFC7915,LFC7915,HIGH COURT,,Y
LFC7916,LFC7916,HIGH COURT,,Y
LFC8001,LFC8001,ATAN 2,,Y
LFC8002,LFC8002,ATAN 2,,Y
LFC8003,LFC8003,ATAN 2,,Y
LFC8004,LFC8004,ATAN 2,,Y
LFC8005,LFC8005,ATAN 2,,Y
LFC8006,LFC8006,ATAN 2,,Y
LFC8007,LFC8007,ATAN 2,,Y
LFC8008,LFC8008,ATAN 2,,Y
LFC8009,LFC8009,ATAN 2,,Y
LFC8010,LFC8010,ATAN 2,,Y
LFC8011,LFC8011,ATAN 2,,Y
LFC8014,LFC8014,ATAN 2,,Y
LFC8101,LFC8101,ADELANS 2,,Y
LFC8102,LFC8102,ADELANS 2,,Y
LFC8103,LFC8103,ADELANS 2,,Y
LFC8104,LFC8104,ADELANS 2,,Y
LFC8105,LFC8105,ADELANS 2,,Y
LFC8106,LFC8106,ADELANS 2,,Y
LFC8107,LFC8107,ADELANS 2,,Y
LFC8108,LFC8108,ADELANS 2,,Y
LFC8109,LFC8109,ADELANS 2,,Y
LFC8110,LFC8110,ADELANS 2,,Y
LFC8111,LFC8111,ADELANS 2,,Y
LFC8112,LFC8112,ADELANS 2,,Y
LFC8113,LFC8113,ADELANS 2,,Y
LFC8114,LFC8114,ADELANS 2,,Y
LFC8115,LFC8115,ADELANS 2,,Y
LFC8116,LFC8116,ADELANS 2,,Y
LFC8201,LFC8201,AMJE,,Y
LFC8202,LFC8202,AMJE,,Y
LFC8203,LFC8203,AMJE,,Y
LFC8204,LFC8204,AMJE,,Y
LFC8301,LFC8301,IKOLA COMMAND,,Y
LFC8302,LFC8302,IKOLA COMMAND,,Y
LFC8303,LFC8303,IKOLA COMMAND,,Y
LFC8304,LFC8304,IKOLA COMMAND,,Y
LFC8305,LFC8305,IKOLA COMMAND,,Y
LFC8306,LFC8306,IKOLA COMMAND,,Y
LFC8307,LFC8307,IKOLA COMMAND,,Y
LFC8308,LFC8308,IKOLA COMMAND,,Y
LFC8309,LFC8309,IKOLA COMMAND,,Y
LFC8310,LFC8310,IKOLA COMMAND,,Y
LFC8311,LFC8311,IKOLA COMMAND,,Y
LFC8312,LFC8312,IKOLA COMMAND,,Y
LFC8401,LFC8401,EJIGBO,,Y
LFC8402,LFC8402,EJIGBO,,Y
LFC8403,LFC8403,EJIGBO,,Y
LFC8404,LFC8404,EJIGBO,,Y
LFC8405,LFC8405,EJIGBO,,Y
LFC8406,LFC8406,EJIGBO,,Y
LFC8407,LFC8407,EJIGBO,,Y
LFC8408,LFC8408,EJIGBO,,Y
LFC8409,LFC8409,EJIGBO,,Y
LFC8410,LFC8410,EJIGBO,,Y
LFC8411,LFC8411,EJIGBO,,Y
LFC8412,LFC8412,EJIGBO,,Y
LFC8413,LFC8413,EJIGBO,,Y
LFC8414,LFC8414,EJIGBO,,Y
LFC8415,LFC8415,EJIGBO,,Y
LFC8416,LFC8416,EJIGBO,,Y
LFC8501,LFC8501,IJEDODO,,Y
LFC8502,LFC8502,IJEDODO,,Y
LFC8503,LFC8503,IJEDODO,,Y
LFC8504,LFC8504,IJEDODO,,Y
LFC8505,LFC8505,IJEDODO,,Y
LFC8506,LFC8506,IJEDODO,,Y
LFC8601,LFC8601,LSDPC,,Y
LFC8602,LFC8602,LSDPC,,Y
LFC8603,LFC8603,LSDPC,,Y
LFC8604,LFC8604,LSDPC,,Y
LFC8605,LFC8605,LSDPC,,Y
LFC8606,LFC8606,LSDPC,,Y
LFC8607,LFC8607,LSDPC,,Y
LFC8608,LFC8608,LSDPC,,Y
LFC8609,LFC8609,LSDPC,,Y
LFC8610,LFC8610,LSDPC,,Y
LFC8611,LFC8611,LSDPC,,Y
LFC8612,LFC8612,LSDPC,,Y
LFC8613,LFC8613,LSDPC,,Y
LFC8614,LFC8614,LSDPC,,Y
LFC8701,LFC8701,ILOGBO OKOKO,,Y
LFC8702,LFC8702,ILOGBO OKOKO,,Y
LFC8703,LFC8703,ILOGBO OKOKO,,Y
LFC8704,LFC8704,ILOGBO OKOKO,,Y
LFC8705,LFC8705,ILOGBO OKOKO,,Y
LFC8706,LFC8706,ILOGBO OKOKO,,Y
LFC8707,LFC8707,ILOGBO OKOKO,,Y
LFC8708,LFC8708,ILOGBO OKOKO,,Y
LFC8709,LFC8709,ILOGBO OKOKO,,Y
LFC8710,LFC8710,ILOGBO OKOKO,,Y
LFC8711,LFC8711,ILOGBO OKOKO,,Y
LFC8712,LFC8712,ILOGBO OKOKO,,Y
LFC8713,LFC8713,ILOGBO OKOKO,,Y
LFC8714,LFC8714,ILOGBO OKOKO,,Y
LFC8801,LFC8801,GBAGADA,,Y
LFC8802,LFC8802,GBAGADA,,Y
LFC8803,LFC8803,GBAGADA,,Y
LFC8804,LFC8804,GBAGADA,,Y
LFC8805,LFC8805,GBAGADA,,Y
LFC8806,LFC8806,GBAGADA,,Y
LFC8807,LFC8807,GBAGADA,,Y
LFC8901,LFC8901,ILUPEJU,,Y
LFC8902,LFC8902,ILUPEJU,,Y
LFC8903,LFC8903,ILUPEJU,,Y
LFC8904,LFC8904,ILUPEJU,,Y
LFC8905,LFC8905,ILUPEJU,,Y
LFC9001,LFC9001,SATELLITE TOWN,,Y
LFC9002,LFC9002,SATELLITE TOWN,,Y
LFC9003,LFC9003,SATELLITE TOWN,,Y
LFC9004,LFC9004,SATELLITE TOWN,,Y
LFC9007,LFC9007,SATELLITE TOWN,,Y
LFC9008,LFC9008,SATELLITE TOWN,,Y
LFC9009,LFC9009,SATELLITE TOWN,,Y
LFC9010,LFC9010,SATELLITE TOWN,,Y
LFC9011,LFC9011,SATELLITE TOWN,,Y
LFC9012,LFC9012,SATELLITE TOWN,,Y
LFC9013,LFC9013,SATELLITE TOWN,,Y
LFC9014,LFC9014,SATELLITE TOWN,,Y
LFC9016,LFC9016,SATELLITE TOWN,,Y
LFC9017,LFC9017,SATELLITE TOWN,,Y
LFC9018,LFC9018,SATELLITE TOWN,,Y
LFC9019,LFC9019,SATELLITE TOWN,,Y
LFC9020,LFC9020,SATELLITE TOWN,,Y
LFC9021,LFC9021,SATELLITE TOWN,,Y
LFC9022,LFC9022,SATELLITE TOWN,,Y
LFC9101,LFC9101,IKOYI,,Y
LFC9102,LFC9102,IKOYI,,Y
LFC9103,LFC9103,IKOYI,,Y
LFC9104,LFC9104,IKOYI,,Y
LFC9105,LFC9105,IKOYI,,Y
LFC9106,LFC9106,IKOYI,,Y
LFC9107,LFC9107,IKOYI,,Y
LFC9108,LFC9108,IKOYI,,Y
LFC9109,LFC9109,IKOYI,,Y
LFC9110,LFC9110,IKOYI,,Y
LFC9201,LFC9201,ETI-OSA,,Y
LFC9202,LFC9202,ETI-OSA,,Y
LFC9203,LFC9203,ETI-OSA,,Y
LFC9204,LFC9204,ETI-OSA,,Y
LFC9205,LFC9205,ETI-OSA,,Y
LFC9206,LFC9206,ETI-OSA,,Y
LFC9207,LFC9207,ETI-OSA,,Y
LFC9208,LFC9208,ETI-OSA,,Y
LFC9209,LFC9209,ETI-OSA,,Y
LFC9210,LFC9210,ETI-OSA,,Y
LFC9211,LFC9211,ETI-OSA,,Y
LFC9212,LFC9212,ETI-OSA,,Y
LFC9213,LFC9213,ETI-OSA,,Y
LFC9214,LFC9214,ETI-OSA,,Y
LFC9215,LFC9215,ETI-OSA,,Y
